B01,B02,B03,B04,B05,B06,B07,B08,B8A,B09,B11,B12,NDVI,ChlRe,REPO,NDMI,NDWI,NDCI,MCARI,ndre,AGB_2017
26.363636363636363,37.81818181818182,54.45454545454545,75.27272727272727,84.9090909090909,90.3181818181818,95.5909090909091,99.8181818181818,104.6818181818182,105.1818181818182,115.5,81.0,0.1401774754163359,0.125860777562744,703.2164502164501,-0.0729730871420004,-0.2940285290203623,0.0601946764208367,4.008711589781949,0.0806626169414565,0.0
5.0,5.043478260869565,11.0,9.0,21.26086956521739,53.869565217391305,64.8695652173913,67.91304347826087,73.73913043478261,73.52173913043478,39.56521739130435,20.52173913043478,0.7661470815580683,2.075996549990431,719.1867032578732,0.263327330684359,-0.72147506687483,0.4054808958947523,24.48278060104148,0.5234394152427256,12.806666666666668
8.652173913043478,12.173913043478262,20.52173913043478,29.043478260869566,40.08695652173913,51.73913043478261,59.130434782608695,66.52173913043478,72.1304347826087,71.17391304347827,89.0,57.04347826086956,0.393034145972755,0.477645567533111,713.8600819470383,-0.1441168570487677,-0.5286393228874473,0.1618864960631312,10.042514586953986,0.2476583927136761,0.0
12.869565217391305,19.82608695652174,30.39130434782609,44.82608695652174,53.391304347826086,58.60869565217392,64.21739130434783,68.43478260869566,72.0,72.21739130434783,73.21739130434783,49.56521739130435,0.2165606814600704,0.2139195398769089,704.6400966183575,-0.0355118443780301,-0.3960209878396901,0.0915250669105975,4.808929822879497,0.1277864379829798,0.0571428571428571
4.0,6.954545454545454,12.272727272727272,17.045454545454547,25.045454545454547,35.18181818181818,39.90909090909091,43.86363636363637,46.95454545454545,41.09090909090909,57.22727272727273,40.81818181818182,0.43761065787433,0.5907620810554571,713.6483617392709,-0.1347523729931227,-0.560533682331188,0.189553989096599,8.145677870031585,0.271418338846857,0.3384615384615385
8.954545454545455,12.636363636363637,22.181818181818183,30.363636363636363,43.09090909090909,56.72727272727273,64.04545454545455,69.81818181818181,75.86363636363636,76.54545454545455,86.81818181818181,54.45454545454545,0.3938861323526994,0.4865743775982005,712.047952047952,-0.1085386983754917,-0.5178675734829067,0.1733094890571256,12.139551016280716,0.2367530051657149,0.08
10.4,13.05,19.4,27.55,32.7,36.95,41.4,45.15,49.3,44.2,81.5,62.9,0.2419735192560944,0.2660121434937611,716.6166666666667,-0.2870691836360671,-0.3987582852874037,0.0855097827812177,2.964066565618289,0.1597727925665036,0.0
9.08695652173913,12.08695652173913,20.217391304347824,27.130434782608692,38.21739130434783,51.391304347826086,56.869565217391305,60.52173913043478,65.65217391304348,65.21739130434783,75.47826086956522,50.43478260869565,0.388482420953177,0.5064089735946219,711.4877391009105,-0.1064200641212569,-0.5018189539981229,0.1781747341623199,11.15692337969598,0.2286139486425027,5.741538461538462
2.0,2.4782608695652173,7.608695652173913,5.130434782608695,15.26086956521739,42.95652173913044,50.30434782608695,53.52173913043478,56.43478260869565,55.82608695652174,27.0,12.347826086956522,0.8246857465504117,2.3416462926777237,718.0746024163071,0.3229730440909937,-0.7519496937379501,0.4946296999638487,26.03722567287785,0.5561598459549877,7.277142857142857
5.826086956521739,9.0,14.391304347826088,18.26086956521739,24.217391304347824,31.782608695652176,35.43478260869565,38.869565217391305,41.0,36.04347826086956,54.26086956521739,38.30434782608695,0.3620335338615401,0.4674830130312172,713.912572934312,-0.1654549229706343,-0.4601825312893414,0.1417149391920672,5.362841852363996,0.2327006426704956,0.0
15.695652173913045,22.08695652173913,34.52173913043478,50.43478260869565,59.56521739130435,67.82608695652173,74.3913043478261,79.52173913043478,83.52173913043478,84.95652173913044,102.56521739130434,76.21739130434783,0.2289495016421898,0.265975701414319,712.9669267930137,-0.1321597051971281,-0.4013008054099281,0.0841786315936978,4.999473026661642,0.147964433128005,0.0
3.272727272727273,3.5,9.681818181818182,6.636363636363637,18.318181818181817,48.22727272727273,56.45454545454545,59.36363636363637,62.90909090909091,63.40909090909091,33.31818181818182,16.136363636363637,0.7974236272306808,2.104597166151165,717.686455156253,0.2791336655218825,-0.7183858512370901,0.4697557541749595,28.087023809523814,0.5267495690180911,6.57
2.0,3.130434782608696,9.0,6.391304347826087,18.608695652173918,52.17391304347826,62.69565217391305,65.52173913043478,69.52173913043478,69.65217391304348,32.82608695652174,15.391304347826088,0.8236680414232772,2.3902013723776414,719.0791690215516,0.331419277787826,-0.7597119989766511,0.4928160866390892,30.56888198757764,0.5579545853500256,10.978181818181817
8.565217391304348,11.0,17.043478260869566,25.043478260869566,29.869565217391305,34.30434782608695,38.04347826086956,41.56521739130435,45.21739130434783,40.56521739130435,76.69565217391305,62.26086956521739,0.2485661763278511,0.2742950583921227,715.1594202898551,-0.297471985957588,-0.4192261172242825,0.0883716458565024,2.7066294074895207,0.1638137231297409,0.0
5.391304347826087,7.391304347826087,14.91304347826087,17.304347826086957,30.130434782608692,47.391304347826086,53.21739130434783,56.04347826086956,59.52173913043478,60.08695652173913,55.52173913043478,33.04347826086956,0.5305765980245234,0.779351959472445,711.814727752169,0.0062619696792063,-0.5803856213821159,0.2741348308444497,17.370727062754924,0.3020103319029327,2.0984615384615384
2.608695652173913,3.260869565217391,8.652173913043478,5.652173913043479,17.391304347826086,57.56521739130435,71.0,72.78260869565217,78.47826086956522,78.34782608695652,33.21739130434783,15.173913043478262,0.8548572062579889,3.096939915837143,720.8780260935074,0.3685513612366787,-0.7875252059672038,0.5080722185209301,31.53608695652174,0.6131631230027316,13.027692307692307
2.0,3.3043478260869565,8.521739130434783,6.304347826086956,17.17391304347826,50.391304347826086,60.56521739130435,63.56521739130435,67.1304347826087,65.95652173913044,31.347826086956523,15.0,0.8196565690201014,2.5446448602324225,719.5927116910316,0.3383173992708739,-0.7639187561797063,0.4653182429779371,25.44723602484472,0.574407654119126,9.584615384615384
20.91304347826087,26.695652173913043,37.391304347826086,50.869565217391305,58.73913043478261,64.30434782608695,69.43478260869566,73.08695652173913,77.34782608695652,76.91304347826087,102.2608695652174,88.43478260869566,0.1798209069248567,0.1837841377337371,709.6021394064873,-0.1669037585299881,-0.3241321993743896,0.0721284608015935,4.185450761808204,0.1091476113045212,0.0
2.0,2.739130434782609,7.695652173913044,4.739130434782608,15.043478260869565,44.73913043478261,55.0,57.04347826086956,59.56521739130435,58.869565217391305,24.869565217391305,10.869565217391305,0.8459428193659445,2.688104601908613,720.0370415527192,0.3899724195486992,-0.7615896897584081,0.5183413322215431,28.708695652173915,0.5832083973977571,8.842857142857143
5.913043478260869,7.3478260869565215,14.304347826086955,25.17391304347826,33.30434782608695,40.73913043478261,44.65217391304348,45.78260869565217,49.08695652173913,47.56521739130435,60.78260869565217,47.60869565217392,0.291191820476584,0.3439751668459361,708.3391994478951,-0.1412906527072017,-0.5245504739608668,0.1405855199914167,5.893402349709043,0.1577140721527933,0.18
6.913043478260869,7.695652173913044,14.521739130434783,15.73913043478261,27.608695652173918,51.869565217391305,60.30434782608695,64.52173913043478,68.69565217391305,68.0,53.04347826086956,32.17391304347826,0.6069125754924465,1.2213560414314442,716.962968517202,0.0966175055116655,-0.6304096750843264,0.2862993558477158,17.763258017419034,0.3985127207244893,4.283333333333333
20.26086956521739,31.30434782608696,47.56521739130435,66.73913043478261,77.04347826086956,83.95652173913044,89.78260869565217,94.82608695652172,99.65217391304348,100.91304347826087,107.47826086956522,71.6086956521739,0.1741000986834079,0.1659473177552481,706.9427191166322,-0.062960564001372,-0.3318763140622162,0.0719016809140123,5.118497878304683,0.1035017407555641,0.0
6.652173913043479,9.304347826086955,16.043478260869566,21.39130434782609,31.73913043478261,46.0,52.47826086956522,57.869565217391305,63.08695652173913,60.82608695652174,72.69565217391305,46.869565217391305,0.4616555780233674,0.6618757016681038,714.5960636408207,-0.1137889504795188,-0.5661589773644797,0.1978246044061164,10.900775131069532,0.2916776668165683,0.2109090909090908
2.3043478260869565,3.1739130434782608,10.043478260869565,5.695652173913044,19.869565217391305,54.47826086956522,63.130434782608695,65.43478260869566,68.65217391304348,67.30434782608695,29.347826086956523,13.173913043478262,0.839199067856665,2.1825460789140143,716.7483272482164,0.3779350968836951,-0.7339922219941161,0.5548460657971119,43.3868530020704,0.5322958195268338,8.221538461538461
10.521739130434783,14.565217391304348,24.47826086956522,34.391304347826086,44.34782608695652,57.391304347826086,64.73913043478261,69.95652173913044,74.17391304347827,74.34782608695652,80.0,54.82608695652174,0.3430912749144105,0.4712960988281547,716.0306228858861,-0.0685025634749482,-0.4841563996852326,0.1282188207816355,7.864347493680359,0.2255704461998213,0.0
2.4347826086956523,3.217391304347826,8.695652173913043,6.173913043478261,17.52173913043478,53.17391304347826,64.0,67.43478260869566,71.04347826086956,71.26086956521739,33.43478260869565,15.869565217391305,0.8315977441790383,2.656060395759548,719.7283989453223,0.3338186333925118,-0.7727939840880739,0.4791194662409054,27.845351966873704,0.586320189658719,12.603333333333332
5.3478260869565215,6.043478260869565,12.91304347826087,13.695652173913045,25.782608695652176,50.0,58.869565217391305,62.82608695652174,67.6086956521739,70.08695652173913,50.43478260869565,29.26086956521739,0.6468893012777545,1.3592420417436606,717.0582262697192,0.1164795601413273,-0.6604569793285774,0.3202243357048268,19.288116254305518,0.4213925011553774,2.6953846153846155
2.608695652173913,2.9565217391304346,7.956521739130435,7.043478260869565,16.043478260869566,38.65217391304348,46.34782608695652,49.08695652173913,51.34782608695652,53.60869565217392,31.565217391304348,17.217391304347824,0.7578329417373759,2.015091573396548,718.87430890915,0.2264980364380609,-0.7256940898627956,0.4104011598156434,17.946769780375917,0.5145826009261798,5.490909090909091
2.0,2.347826086956522,7.260869565217392,4.086956521739131,14.695652173913045,46.69565217391305,57.21739130434783,59.52173913043478,62.82608695652174,65.34782608695652,24.608695652173918,10.695652173913045,0.8715786002914675,2.908825009176672,720.0023313775129,0.4129486524054585,-0.7823649821690628,0.5658543932100265,33.8131884057971,0.6030824346287497,11.088571428571427
2.0,2.8260869565217392,8.434782608695652,5.913043478260869,17.73913043478261,50.08695652173913,60.56521739130435,63.08695652173913,67.65217391304348,68.30434782608695,33.30434782608695,16.043478260869566,0.828008645018321,2.434787259347078,719.3146638035372,0.3058788306372502,-0.764170903375718,0.5010346240056329,30.553592132505184,0.5593390933186103,11.952727272727271
2.0869565217391304,2.652173913043478,7.260869565217392,4.826086956521739,14.565217391304348,44.69565217391305,54.73913043478261,56.869565217391305,60.60869565217392,60.30434782608695,25.869565217391305,11.391304347826088,0.8434320355940098,2.7870995550343376,720.2673010439082,0.3700802568783877,-0.7740874470189599,0.5030306729288978,25.55211180124224,0.5910105096204588,10.775384615384615
10.0,13.043478260869565,18.73913043478261,23.43478260869565,27.73913043478261,32.56521739130435,35.17391304347826,37.91304347826087,39.30434782608695,35.26086956521739,57.391304347826086,49.82608695652174,0.2361658481060619,0.2685038194991283,712.9420289855072,-0.2044334812302382,-0.3385744097821659,0.0843197052296041,2.975762217548608,0.1549334402733977,0.1714285714285714
9.652173913043478,12.304347826086955,19.52173913043478,26.52173913043478,32.65217391304348,40.130434782608695,43.21739130434783,45.78260869565217,48.30434782608695,49.30434782608695,52.52173913043478,42.130434782608695,0.2637570125056016,0.322837235234639,711.236881476012,-0.0697931467419114,-0.3997026507760911,0.104221112925688,4.456687410087537,0.1648997910253025,1.0872727272727274
5.0,6.565217391304348,12.73913043478261,14.347826086956522,24.82608695652174,46.95652173913044,55.0,58.43478260869565,63.17391304347826,63.130434782608695,49.17391304347826,29.82608695652174,0.6009644270243935,1.2315789038931015,717.5837844253518,0.0812013920724887,-0.6378102960997344,0.2739241556368334,14.807200201871089,0.3986928936167036,6.33
11.869565217391305,13.826086956521738,21.130434782608692,25.565217391304348,36.391304347826086,49.69565217391305,54.82608695652174,57.65217391304348,62.21739130434783,62.0,67.52173913043478,50.52173913043478,0.3914866387878792,0.5221701490366139,711.1445906922081,-0.0775212161991012,-0.466295160663088,0.1830872531388441,11.744601721892575,0.2277862162504648,4.144615384615385
5.782608695652174,7.739130434782608,14.91304347826087,17.652173913043477,30.043478260869566,51.43478260869565,58.869565217391305,63.17391304347826,68.3913043478261,66.91304347826087,63.26086956521739,38.869565217391305,0.5656433634893682,0.9663440143665578,715.2713353975195,-0.0010279328764258,-0.6191486279713296,0.2654720463528778,16.48857572808716,0.3544594770879637,1.498181818181818
7.173913043478261,9.565217391304348,17.652173913043477,26.82608695652174,36.30434782608695,45.34782608695652,51.52173913043478,55.78260869565217,60.34782608695652,61.17391304347826,78.69565217391305,53.95652173913044,0.3512858136105506,0.423637593973311,713.1255411255411,-0.1706673130330928,-0.5196717841328444,0.1505732416561236,7.834328380459157,0.2122369578703612,0.1285714285714285
24.227272727272727,34.81818181818182,50.40909090909091,69.13636363636364,78.81818181818181,84.22727272727273,89.5909090909091,93.95454545454544,98.8181818181818,99.0,114.54545454545456,80.13636363636364,0.1521862142529532,0.1368767451779345,703.9480519480519,-0.098907847248322,-0.3015980099567663,0.0654636542718545,4.567244273315579,0.0875933086230788,0.0
2.0869565217391304,2.3043478260869565,7.304347826086956,4.3478260869565215,14.521739130434783,44.04347826086956,54.56521739130435,56.869565217391305,59.95652173913044,59.26086956521739,24.043478260869566,10.434782608695652,0.8576868939282142,2.7589927694686067,720.3203178911447,0.4016735338841377,-0.7736510595735436,0.5392500291048283,29.583333333333336,0.5921828887227033,9.85846153846154
3.347826086956522,3.4347826086956523,9.73913043478261,5.608695652173913,19.43478260869565,63.04347826086956,75.30434782608695,77.47826086956522,82.34782608695652,82.78260869565217,32.47826086956522,14.565217391304348,0.8657894416531174,2.967482553612431,719.989593548933,0.4042252581685294,-0.779235588930814,0.553158061973017,41.92793995859213,0.6000853406277663,11.0
4.086956521739131,4.086956521739131,9.434782608695652,9.391304347826088,19.043478260869566,38.17391304347826,44.30434782608695,46.34782608695652,49.95652173913044,50.0,38.869565217391305,21.82608695652174,0.6684593832356164,1.362261392655793,716.3285942905003,0.0906086075148121,-0.6635386203554426,0.3483258976259903,16.2083970136144,0.4199402254891453,0.6646153846153847
26.727272727272727,37.90909090909091,53.63636363636363,73.22727272727273,82.31818181818181,87.27272727272727,92.13636363636364,96.54545454545456,100.95454545454544,101.77272727272728,114.63636363636364,82.18181818181819,0.1374842221504164,0.1196344201007619,701.8506493506494,-0.0856321300457383,-0.2857851622763239,0.0585272970764972,3.781532944780553,0.0796030741173171,0.0
5.304347826086956,6.608695652173913,13.173913043478262,14.695652173913045,25.347826086956523,48.60869565217392,56.60869565217392,60.34782608695652,63.47826086956522,62.95652173913044,55.82608695652174,36.69565217391305,0.6014583065779798,1.2476925476087168,717.5306773653153,0.03248829544958,-0.6348958493127995,0.276046716812504,15.478156117973054,0.4009340392823527,1.0246153846153847
8.130434782608695,10.91304347826087,20.043478260869566,33.69565217391305,41.65217391304348,47.82608695652174,51.43478260869565,52.34782608695652,55.21739130434783,55.34782608695652,71.17391304347827,58.08695652173913,0.2180931310063809,0.2375497237431979,705.3467908902692,-0.1517352177266017,-0.4467480937100174,0.1063147131559658,4.571299539309167,0.1144748622254382,0.0914285714285714
3.0,2.9130434782608696,8.043478260869565,4.608695652173913,15.826086956521738,54.30434782608695,68.04347826086956,70.65217391304348,75.17391304347827,77.69565217391305,28.782608695652176,12.782608695652174,0.8776806369413442,3.316054316116572,721.4654085594176,0.4173654271465769,-0.7957344265271947,0.5523938337389735,34.45080745341615,0.6319916521094332,9.025714285714283
3.4782608695652173,3.9565217391304346,9.608695652173912,7.956521739130435,19.30434782608696,46.56521739130435,54.43478260869565,57.26086956521739,62.0,64.3913043478261,35.17391304347826,18.26086956521739,0.757296984887598,1.8736970776948212,717.5403611215673,0.240975906895511,-0.7134646688847314,0.4207235443123535,23.444156447417317,0.4965908354617363,4.336666666666667
9.826086956521738,14.217391304347826,23.956521739130437,33.30434782608695,45.869565217391305,61.869565217391305,69.56521739130434,76.30434782608695,81.43478260869566,81.1304347826087,76.69565217391305,48.43478260869565,0.3962626358266289,0.5266454759752889,713.8443367254782,2.851743228337096e-05,-0.5246502249357217,0.1621401813019575,11.439581761200817,0.2509064931330055,0.22
3.0,3.4782608695652173,8.695652173913043,6.782608695652174,17.652173913043477,48.17391304347826,58.30434782608695,61.60869565217392,64.73913043478261,65.6086956521739,31.695652173913043,15.869565217391305,0.8015233130532315,2.35809337665072,719.4696785077871,0.321188793142581,-0.7520851134367209,0.4561975047986391,25.94715320910973,0.5546753499290855,4.504615384615384
7.636363636363637,8.136363636363637,14.727272727272728,18.90909090909091,29.09090909090909,42.5,47.59090909090909,49.95454545454545,53.90909090909091,54.18181818181818,52.63636363636363,33.81818181818182,0.4539803120124912,0.6616205616212567,712.0190514575542,-0.0246797458088273,-0.5451204748187319,0.2188540774693011,11.6848322134043,0.2654608356639923,1.4542857142857142
5.086956521739131,6.739130434782608,13.26086956521739,14.217391304347826,25.217391304347824,44.73913043478261,50.78260869565217,54.26086956521739,57.21739130434783,54.78260869565217,52.73913043478261,33.08695652173913,0.5988893561184563,1.092868885991075,714.7736777214501,0.0255710586306011,-0.6139983525121931,0.2968108369939393,15.943927699738886,0.3732389246254928,1.083076923076923
4.434782608695652,4.391304347826087,11.782608695652174,8.347826086956522,23.30434782608696,58.30434782608695,67.69565217391305,69.47826086956522,74.04347826086956,75.56521739130434,35.78260869565217,17.043478260869566,0.7861948080648284,2.007859388315349,716.557196151611,0.3213035769692548,-0.7096443193027215,0.4908325453872137,39.01616616475312,0.4988334758470396,6.44
5.869565217391305,10.347826086956522,20.43478260869565,27.91304347826087,41.0,61.34782608695652,69.65217391304348,75.47826086956522,80.95652173913044,80.17391304347827,67.3913043478261,40.30434782608695,0.4612372122547385,0.7174350640525474,715.3760973483978,0.0531703205106685,-0.5757442479815011,0.1942370052243927,13.654602179087032,0.2950776421032418,1.1257142857142857
23.130434782608692,35.608695652173914,51.56521739130435,71.52173913043478,79.47826086956522,83.1304347826087,87.65217391304348,92.2608695652174,96.3913043478261,91.52173913043478,110.95652173913044,78.3913043478261,0.1271080493972193,0.10484640201028,695.8840579710145,-0.0933384353397124,-0.2832596515555006,0.0526789836482028,2.6645024396584267,0.0749222115224904,0.0
23.43478260869565,35.608695652173914,52.26086956521739,73.47826086956522,82.82608695652173,85.52173913043478,89.0,93.2608695652174,96.65217391304348,99.08695652173913,99.95652173913044,70.82608695652173,0.1176202486409712,0.0739807789295459,672.6956521739131,-0.0392821284386218,-0.2795065078159336,0.060434451435799,3.7345857986736632,0.0575712914471037,0.0
3.391304347826087,4.956521739130435,9.130434782608695,10.347826086956522,16.043478260869566,25.347826086956523,28.39130434782609,30.52173913043478,32.47826086956522,28.782608695652176,38.73913043478261,28.52173913043478,0.4999175989956151,0.7857968458755914,714.485350398394,-0.1140782632852758,-0.5419041972285545,0.2273659963775075,7.299336798467231,0.3121778162760117,0.52
4.304347826086956,4.478260869565218,10.478260869565217,9.130434782608695,21.0,51.130434782608695,60.0,62.26086956521739,65.6086956521739,67.65217391304348,39.08695652173913,21.043478260869566,0.7456164142741081,1.897310389052943,718.0179966416512,0.2295027870542705,-0.7121567717395889,0.4002164445164491,23.10145019231976,0.4961435016940014,5.16
1.434782608695652,2.565217391304348,7.782608695652174,5.3478260869565215,16.347826086956523,49.26086956521739,60.30434782608695,62.08695652173913,66.17391304347827,68.08695652173913,30.82608695652174,14.304347826086955,0.8427962821325509,2.71987629577568,720.0262817420429,0.3337234119246672,-0.7785576987786426,0.5118055603252711,28.88156314699793,0.5824161980404511,10.386666666666668
1.0,3.0,9.130434782608695,6.086956521739131,18.65217391304348,54.0,65.08695652173913,67.65217391304348,70.82608695652173,68.26086956521739,33.56521739130435,15.869565217391305,0.833207597046256,2.510351217559456,719.3286951987891,0.3333352890649941,-0.7630302231384146,0.5075926430724959,33.84426501035196,0.5675418282570341,10.465454545454543
3.0,3.4782608695652173,9.478260869565217,6.217391304347826,18.65217391304348,54.34782608695652,65.6086956521739,67.43478260869566,72.08695652173913,71.69565217391305,32.0,14.73913043478261,0.8313032075618471,2.540398405256526,719.3966542427759,0.3540578149548883,-0.7542373926074329,0.5016624436318111,32.499951690821256,0.5664006177173291,9.72
8.043478260869565,10.130434782608695,16.391304347826086,24.43478260869565,30.0,35.869565217391305,39.91304347826087,43.52173913043478,47.17391304347826,47.34782608695652,75.17391304347827,64.95652173913044,0.2803291228217087,0.3308205418370094,715.2608695652174,-0.2676504796042164,-0.4532880955162957,0.1016687444351193,3.5166422716120262,0.1839110183397406,0.0
3.0,3.217391304347826,9.782608695652174,6.0,19.217391304347824,57.65217391304348,67.73913043478261,69.8695652173913,73.30434782608695,74.17391304347827,32.65217391304348,15.08695652173913,0.8413953737628155,2.526488961960557,718.4098408621466,0.359486069354379,-0.754211927576728,0.5246424661471341,36.78222567287785,0.5670661432221094,12.938181818181818
5.739130434782608,7.260869565217392,12.0,15.608695652173912,20.608695652173918,26.30434782608696,29.52173913043478,32.26086956521739,34.82608695652174,30.217391304347824,54.52173913043478,42.56521739130435,0.3484368848079183,0.4348733925573075,713.5552104899929,-0.2579660797589234,-0.4571908128181084,0.1394772750965583,4.381547928447915,0.2197152378260659,0.1323076923076923
6.478260869565218,10.826086956521738,18.82608695652174,26.08695652173913,36.21739130434783,46.391304347826086,52.91304347826087,58.130434782608695,62.47826086956522,58.391304347826086,63.91304347826087,43.30434782608695,0.3765954550577762,0.4570563052850781,713.8111888111889,-0.0482800400019994,-0.5085767000102028,0.1617199053140539,9.490172233377578,0.2298756116797926,0.7433333333333333
4.478260869565218,5.217391304347826,11.652173913043478,10.956521739130435,22.782608695652176,52.30434782608695,62.56521739130435,67.56521739130434,71.56521739130434,70.52173913043478,43.17391304347826,23.217391304347824,0.7228448139438501,1.7931482172251867,718.8721669246382,0.2193043662629583,-0.7062331945424105,0.3613113405075687,21.116763417106664,0.4952820900308404,8.409230769230769
7.826086956521739,14.347826086956522,23.26086956521739,32.78260869565217,43.21739130434783,55.95652173913044,62.869565217391305,68.04347826086956,71.82608695652173,69.47826086956522,69.52173913043478,46.34782608695652,0.3527733666945052,0.478478072079244,713.7230016360452,-0.0073030266192279,-0.4923720876136676,0.1402923310733998,8.658541381803314,0.2252882662151919,0.1636363636363636
23.09090909090909,31.318181818181817,44.63636363636363,61.36363636363637,69.54545454545455,74.5,79.68181818181819,83.68181818181819,88.63636363636364,90.0,108.5909090909091,82.18181818181819,0.1570721808237067,0.1505642796497596,705.8647186147186,-0.1324075229891611,-0.3065043559318836,0.0647456397005211,3.78108813057413,0.0932899602087028,0.0
2.0,2.4347826086956523,7.173913043478261,4.391304347826087,14.434782608695652,47.56521739130435,58.69565217391305,60.34782608695652,64.56521739130434,63.0,25.956521739130437,11.434782608695652,0.864673706626368,3.08347671084244,720.7123985322949,0.393900719834496,-0.7875723694353455,0.5357336602088367,28.59855072463768,0.6124449386032841,11.343333333333332
6.304347826086956,8.73913043478261,15.391304347826088,20.82608695652174,30.608695652173918,44.78260869565217,51.08695652173913,53.47826086956522,57.65217391304348,57.60869565217392,63.130434782608695,42.60869565217392,0.4493528294538025,0.7387326247272871,714.3579946623427,-0.0787785061185212,-0.5559162019688996,0.2075480436868538,10.891137080310994,0.2763003794172395,0.7476923076923078
2.608695652173913,3.130434782608696,8.478260869565217,6.956521739130435,17.652173913043477,47.78260869565217,59.34782608695652,62.0,67.0,67.73913043478261,36.78260869565217,18.217391304347824,0.7987915960128317,2.37944229907482,720.5598125428336,0.2549142040817079,-0.7601992055428811,0.4362970733670166,22.73514492753623,0.5572227669578348,5.14
2.739130434782609,3.0869565217391304,8.565217391304348,5.521739130434782,17.08695652173913,56.869565217391305,70.3913043478261,73.26086956521739,77.82608695652173,77.34782608695652,33.82608695652174,15.26086956521739,0.8591782773548805,3.1389327699043004,720.966538633747,0.3668004305021992,-0.7906238043447263,0.5146350984824768,31.52103519668737,0.6205598084194116,10.9
3.0,3.0869565217391304,8.565217391304348,6.217391304347826,15.826086956521738,43.52173913043478,50.82608695652174,52.91304347826087,55.0,53.869565217391305,31.217391304347824,15.869565217391305,0.7895667118178903,2.21359039772689,718.2886948153821,0.254837469770661,-0.7201138959534628,0.439098134133805,21.223633540372667,0.5375640326655219,3.990769230769231
4.478260869565218,4.652173913043479,10.826086956521738,10.304347826086955,22.0,51.95652173913044,62.26086956521739,65.91304347826087,70.8695652173913,68.82608695652173,42.30434782608695,23.347826086956523,0.7284270247532829,1.846269751042908,719.1661973679406,0.2162053425582907,-0.7172230077191841,0.3657645902042908,20.816929061276884,0.4980530282136701,3.901818181818182
5.782608695652174,7.478260869565218,14.608695652173912,16.391304347826086,27.956521739130437,53.21739130434783,62.30434782608695,66.34782608695652,71.0,70.1304347826087,49.56521739130435,29.91304347826087,0.6050963288071934,1.2638024254786482,717.9807448821322,0.1452915379003749,-0.6387605332276883,0.2708238863006818,16.1335318536801,0.406771363129715,5.276666666666666
8.26086956521739,10.130434782608695,18.65217391304348,20.43478260869565,33.869565217391305,64.43478260869566,75.34782608695652,78.56521739130434,84.91304347826087,84.21739130434783,64.30434782608695,38.04347826086956,0.6059841356275976,1.4279398508742522,717.9531645831338,0.1149826112115268,-0.6257277498971588,0.2746819064170513,18.711135841677983,0.4118477915001178,8.163076923076922
5.454545454545454,6.0,12.090909090909092,20.727272727272727,28.272727272727277,36.72727272727273,40.31818181818182,41.0,43.40909090909091,43.31818181818182,48.22727272727273,37.18181818181818,0.3279845238580988,0.4307388014284567,710.0445665445666,-0.0820672448194407,-0.5443741140283204,0.1564189173642105,6.099402328134386,0.1825047102443539,0.3942857142857143
6.739130434782608,8.695652173913043,13.652173913043478,18.347826086956523,23.52173913043478,28.869565217391305,32.17391304347826,35.130434782608695,38.26086956521739,34.47826086956522,65.17391304347827,48.95652173913044,0.3144581158600528,0.3696836944473994,712.9006211180123,-0.2990561062521456,-0.4392221027096429,0.1245459612663971,4.136111320530298,0.1976666479594509,0.0
2.0,2.4782608695652173,7.3478260869565215,4.782608695652174,14.91304347826087,46.30434782608695,56.73913043478261,58.60869565217392,62.869565217391305,65.17391304347827,26.608695652173918,12.08695652173913,0.848366893386178,2.8080809358302967,720.3384758600275,0.3729639367455135,-0.7770051727857994,0.5139987329368544,27.51115942028985,0.5929078579330792,5.997142857142856
23.130434782608692,31.17391304347826,43.95652173913044,62.56521739130435,70.65217391304348,74.1304347826087,79.08695652173913,83.0,87.69565217391305,87.3913043478261,95.1304347826087,66.95652173913044,0.1404086221659047,0.1195445312692216,701.376811594203,-0.0682225670811328,-0.3075560784355947,0.0607306390991496,3.1080590102788874,0.0803619262644235,0.0
1.9565217391304348,2.652173913043478,7.956521739130435,5.304347826086956,15.73913043478261,41.869565217391305,50.130434782608695,51.56521739130435,54.60869565217392,55.30434782608695,28.08695652173913,12.869565217391305,0.8121377006964635,2.1936736288718386,718.4055489910737,0.2903185035351493,-0.7329829704514503,0.4948462695950507,26.777681159420293,0.5309244521204808,3.4984615384615387
5.608695652173913,7.521739130434782,13.782608695652174,24.782608695652176,31.130434782608692,37.04347826086956,40.34782608695652,41.43478260869565,44.21739130434783,44.17391304347826,55.34782608695652,45.47826086956522,0.2469201955619938,0.2920977243136419,708.7035886818495,-0.1473083866862576,-0.5038311022363348,0.1126762106890876,3.663469181652351,0.1383608933267537,0.04
3.0,3.3043478260869565,9.347826086956522,6.0,18.08695652173913,56.21739130434783,67.91304347826087,72.0,75.69565217391305,74.3913043478261,32.91304347826087,14.652173913043478,0.8465109735810145,2.7707379676906414,719.7984270278321,0.3696153370758696,-0.7710519375966614,0.5048027264870562,32.05987577639752,0.5974392155139686,10.651428571428571
8.304347826086957,13.130434782608695,20.73913043478261,28.39130434782609,36.78260869565217,46.0,51.60869565217392,56.391304347826086,60.130434782608695,53.43478260869565,74.56521739130434,51.60869565217392,0.3300258748448984,0.4030270259641643,713.9725516029865,-0.1390783105486419,-0.4620024708738995,0.1286798605426845,6.731286530117116,0.210334672264332,0.0
12.91304347826087,21.17391304347826,32.391304347826086,46.91304347826087,54.21739130434783,60.65217391304348,64.3913043478261,68.6086956521739,71.6086956521739,70.17391304347827,78.52173913043478,55.95652173913044,0.1892446211643771,0.1924319230003306,707.3988330510069,-0.0678713544643837,-0.3601654543530572,0.0723232000496136,3.441748529895963,0.1185260689200595,0.5353846153846153
6.391304347826087,8.869565217391305,17.043478260869566,20.82608695652174,35.69565217391305,57.08695652173913,66.04347826086956,72.26086956521739,78.95652173913044,76.69565217391305,65.56521739130434,40.30434782608695,0.554205904311868,0.873817540254327,714.4885237854921,0.0498542324112529,-0.6197805185691524,0.2663838694587787,19.441967661081133,0.3406469139853608,2.08
8.478260869565217,10.73913043478261,18.47826086956522,25.17391304347826,34.43478260869565,45.47826086956522,50.91304347826087,55.34782608695652,59.17391304347826,61.17391304347826,62.78260869565217,43.21739130434783,0.4096428891304874,0.5703100946256245,713.2882238534412,-0.0543838673315613,-0.5142047733671238,0.178536307749532,9.016690063964344,0.2531563716861424,1.1742857142857144
3.130434782608696,3.695652173913044,9.478260869565217,8.26086956521739,18.73913043478261,43.08695652173913,50.65217391304348,53.78260869565217,56.43478260869565,57.82608695652174,40.08695652173913,22.17391304347826,0.7341147574538556,1.7282313560715767,717.5434757268065,0.1432424642697968,-0.6995643740817398,0.3944704884890073,20.383880732793777,0.4824179156637714,6.027692307692307
7.086956521739131,10.478260869565217,18.17391304347826,24.82608695652174,35.91304347826087,53.869565217391305,61.95652173913044,67.0,72.65217391304348,72.17391304347827,64.73913043478261,41.95652173913044,0.4695711487384287,0.7847169727889274,716.1535046959967,0.0223356238588758,-0.5769584508364667,0.1954447443682879,11.547413751548069,0.3078989629627065,4.762857142857143
2.0,3.565217391304348,9.565217391304348,7.478260869565218,18.608695652173918,47.52173913043478,57.47826086956522,60.21739130434783,62.69565217391305,61.0,40.47826086956522,19.91304347826087,0.7761515863724745,2.0725971156092973,719.0508297898336,0.1909084671814912,-0.7251992699076738,0.426827504422648,23.58576604554865,0.5240915574030205,2.7818181818181817
5.608695652173913,6.869565217391305,13.043478260869565,16.0,25.956521739130437,40.95652173913044,46.52173913043478,50.0,54.04347826086956,55.69565217391305,59.78260869565217,39.43478260869565,0.5248343221707163,0.8315738172569951,713.9323207191694,-0.0873344273791246,-0.5909529691912307,0.2484567006027685,12.464820118027497,0.3209525778511441,2.194285714285714
5.652173913043479,7.695652173913044,14.695652173913045,24.956521739130437,34.08695652173913,43.869565217391305,48.73913043478261,50.43478260869565,54.21739130434783,51.91304347826087,61.130434782608695,44.82608695652174,0.3365309330746429,0.4295772075745881,711.2465167682558,-0.09679620824369,-0.5485628358391115,0.155169916971324,7.307581418721305,0.1920489506688722,0.0171428571428571
2.565217391304348,2.9565217391304346,8.478260869565217,6.130434782608695,17.130434782608695,43.82608695652174,52.130434782608695,54.60869565217392,58.95652173913044,57.56521739130435,31.043478260869566,15.26086956521739,0.7974315254824162,2.0592609384872524,717.669770038227,0.2653209851359846,-0.7315167872199706,0.4849078320756584,27.60391304347826,0.5159048737315204,7.0
3.0,2.869565217391304,8.130434782608695,5.608695652173913,15.956521739130435,47.73913043478261,59.17391304347826,60.91304347826087,65.17391304347827,65.91304347826087,30.47826086956522,13.608695652173912,0.8307836225389581,2.7161284971067583,720.7302802902806,0.3309328896047777,-0.7646834026749588,0.4806227092238433,25.308405797101447,0.5842058055146844,6.547692307692307
4.086956521739131,5.608695652173913,10.91304347826087,13.391304347826088,22.30434782608696,35.26086956521739,39.82608695652174,43.82608695652174,47.21739130434783,47.91304347826087,51.52173913043478,32.04347826086956,0.5384406662852974,0.8088794777373537,713.314328467781,-0.0767951130207976,-0.6044825840161969,0.2565543968600481,11.365890784407409,0.3289653173982484,0.1514285714285714
5.0,7.130434782608695,12.608695652173912,15.521739130434783,22.39130434782609,29.695652173913043,33.21739130434783,36.04347826086956,38.391304347826086,34.52173913043478,57.04347826086956,41.21739130434783,0.3979671897926977,0.4836782625062397,710.8229813664595,-0.2256883469530217,-0.4817286822221951,0.1812482258706514,7.110144927536232,0.2335983209021394,0.0218181818181818
4.173913043478261,6.086956521739131,13.434782608695652,11.304347826086955,24.47826086956522,59.69565217391305,70.47826086956522,74.26086956521739,77.47826086956522,75.8695652173913,40.69565217391305,21.130434782608692,0.7419423180914574,1.997667723689903,718.5941451398863,0.2937155166632905,-0.6962605877693453,0.3886090200918092,25.781510646216528,0.5084800379054374,7.585454545454545
8.608695652173912,10.869565217391305,18.043478260869566,23.695652173913043,35.04347826086956,49.73913043478261,55.869565217391305,60.95652173913044,65.3913043478261,64.95652173913044,75.34782608695652,49.17391304347826,0.4414920076276372,0.5990196083910836,712.8533557235604,-0.1053116863035063,-0.5436664944331255,0.1948023022748268,11.873940292431788,0.2704567071820236,0.0
6.3478260869565215,10.347826086956522,17.652173913043477,24.782608695652176,33.95652173913044,45.78260869565217,52.17391304347826,57.26086956521739,61.04347826086956,59.30434782608695,64.30434782608695,42.52173913043478,0.4019847341401,0.5628639992365494,714.0289155289155,-0.0605156652349637,-0.531468725715755,0.1609540082333014,8.592052703983803,0.2575989262328845,0.8307692307692308
7.913043478260869,10.173913043478262,15.956521739130435,23.91304347826087,28.695652173913043,33.0,36.65217391304348,39.73913043478261,42.69565217391305,42.34782608695652,68.47826086956522,59.60869565217392,0.2496941560499984,0.2803377047196888,714.5859213250518,-0.2672322370338165,-0.4292185781327264,0.0910721816827963,2.714997890994654,0.1623139418753109,0.32
23.043478260869566,34.47826086956522,50.91304347826087,70.8695652173913,81.30434782608695,87.69565217391305,93.43478260869566,98.82608695652172,103.52173913043478,102.56521739130434,112.6086956521739,75.34782608695652,0.1653267593587223,0.1504235549801975,705.2774327122153,-0.0666576670509767,-0.3201460679816133,0.068775421092223,5.005646400933177,0.0976729824240894,0.0
10.130434782608695,15.043478260869565,24.47826086956522,33.26086956521739,40.91304347826087,49.130434782608695,53.78260869565217,58.26086956521739,61.08695652173913,53.130434782608695,74.43478260869566,60.08695652173913,0.2714102740646797,0.3139778791612311,713.1469979296068,-0.123331511121072,-0.4068213142235983,0.1034143194829617,5.5082188786678925,0.1734987287551442,0.0
1.2173913043478262,2.260869565217391,6.608695652173913,6.565217391304348,14.608695652173912,31.782608695652176,37.17391304347826,39.65217391304348,41.65217391304348,43.52173913043478,31.17391304347826,17.304347826086957,0.7240456349407501,1.5901484702686075,716.965404462874,0.1238183714473817,-0.7178008834668338,0.3937640597622409,14.97112119764294,0.465424954038184,1.8153846153846156
3.1739130434782608,4.608695652173913,10.217391304347826,8.0,18.47826086956522,52.34782608695652,62.0,65.47826086956522,68.1304347826087,67.82608695652173,35.30434782608695,17.565217391304348,0.7830842235349845,2.3947264232948418,719.6757869954074,0.2984285542834792,-0.7310412034157036,0.3973906574401045,20.59049689440994,0.56086012838567,5.932307692307693
3.260869565217391,4.739130434782608,11.347826086956522,12.391304347826088,22.565217391304348,39.82608695652174,45.26086956521739,49.65217391304348,52.52173913043478,48.69565217391305,46.95652173913044,27.217391304347824,0.6020865683646928,1.016204350155201,714.4760697566595,0.0294811409489015,-0.6286747576611674,0.2930136449909406,14.520379543729929,0.37613944336727,0.0
2.565217391304348,3.9565217391304346,10.478260869565217,10.217391304347826,21.130434782608692,45.0,51.30434782608695,55.08695652173913,57.04347826086956,56.78260869565217,39.391304347826086,22.565217391304348,0.6966717270570544,1.480894806456078,716.2481324334253,0.1731718608531841,-0.6846018521946371,0.3640051148663172,19.075902800479454,0.4499756994952263,1.852307692307692
15.08695652173913,20.17391304347826,30.30434782608696,40.95652173913044,51.0,63.17391304347826,70.78260869565217,75.65217391304348,80.17391304347827,81.91304347826087,85.8695652173913,61.95652173913044,0.3022216776933453,0.4053613342396605,715.566033639563,-0.0634739050173238,-0.4316845849886803,0.1124633570763856,7.604768315112386,0.1973583496107338,0.0
2.636363636363636,3.227272727272727,9.363636363636363,7.181818181818182,18.318181818181817,47.04545454545455,57.13636363636363,59.18181818181818,63.27272727272727,65.22727272727273,38.27272727272727,18.545454545454547,0.7851567840861103,2.1636070906170426,719.4420615089269,0.2087085867027865,-0.730810721334258,0.4399527235111463,24.11589826839827,0.5277437214487782,4.602857142857143
2.0869565217391304,2.869565217391304,8.478260869565217,5.043478260869565,17.17391304347826,55.0,66.65217391304348,68.73913043478261,72.43478260869566,73.65217391304348,30.73913043478261,13.608695652173912,0.8632341447895243,2.91891923454718,719.8056500667672,0.3770022327262189,-0.7804026118266375,0.5468370115522306,35.942546583850934,0.599378851476836,9.99
8.130434782608695,11.478260869565217,19.39130434782609,26.43478260869565,36.30434782608695,50.43478260869565,56.52173913043478,60.95652173913044,63.65217391304348,62.130434782608695,62.65217391304348,43.47826086956522,0.403774398717123,0.6016241688745583,712.4949190294736,-0.0141037328455812,-0.5204454444347998,0.1673633575363733,9.45940971426058,0.2572865226038673,0.34
4.782608695652174,6.913043478260869,14.956521739130435,19.043478260869566,30.869565217391305,50.82608695652174,59.391304347826086,63.30434782608695,69.17391304347827,70.17391304347827,65.17391304347827,40.130434782608695,0.5434088412509016,0.9582000796043604,716.5811724834879,-0.0132665654873045,-0.6213804424763902,0.2456715862187769,14.939697464371053,0.3481386733070134,4.436923076923077
13.652173913043478,19.52173913043478,30.17391304347826,43.26086956521739,50.69565217391305,56.08695652173913,60.30434782608695,63.56521739130435,66.78260869565217,65.26086956521739,76.26086956521739,56.73913043478261,0.1912975527636218,0.1917914471354018,704.1884057971014,-0.0913179288269497,-0.3571485411648165,0.0801182409714736,4.039860910725273,0.1129785498237801,0.0
4.739130434782608,6.782608695652174,13.26086956521739,16.043478260869566,26.782608695652176,43.21739130434783,49.30434782608695,54.391304347826086,57.391304347826086,53.0,57.08695652173913,34.26086956521739,0.5455656113323977,0.8543946873614169,714.399954071769,-0.0258898765736154,-0.6081702479757239,0.2524526919045979,13.535828047455457,0.3407932606109735,0.003076923076923
2.3043478260869565,3.869565217391304,8.869565217391305,10.08695652173913,18.65217391304348,32.0,36.04347826086956,38.73913043478261,41.56521739130435,35.26086956521739,40.21739130434783,25.30434782608696,0.587861889888336,0.9374541960186056,713.182711008798,-0.0181633497051188,-0.6276777686247207,0.3006903393640006,12.431514644775516,0.3502633131410262,0.3292307692307692
2.0,2.5,8.318181818181818,4.818181818181818,16.136363636363637,49.27272727272727,60.22727272727273,61.86363636363637,65.36363636363636,67.27272727272727,26.63636363636364,11.636363636363637,0.8556954982450993,2.748634202484822,719.8371038409385,0.3914697637112529,-0.7650367358702888,0.5416774931607466,33.50166666666666,0.584982069382427,6.904615384615385
4.0,5.863636363636363,11.772727272727272,14.136363636363637,23.045454545454547,37.68181818181818,43.36363636363637,47.90909090909091,51.13636363636363,46.54545454545455,49.27272727272727,28.863636363636363,0.5450769779389179,0.8854074354672442,715.5593230299113,-0.0143375412861222,-0.6060419005831952,0.2405033899799014,10.9093047527339,0.3506339297084531,0.0
3.0,3.347826086956522,9.826086956521738,5.695652173913044,19.43478260869565,59.82608695652174,72.52173913043478,74.21739130434783,79.0,78.34782608695652,33.78260869565217,15.130434782608695,0.857327088040525,2.7460363057919928,719.5871650138295,0.3732990202106668,-0.7663108522265721,0.5481184502219637,40.78498964803314,0.5836083880103178,6.930909090909092
4.391304347826087,4.565217391304348,9.782608695652174,9.391304347826088,17.652173913043477,37.91304347826087,43.56521739130435,45.869565217391305,47.91304347826087,46.95652173913044,30.17391304347826,19.0,0.6641550501790802,1.524432319259801,717.4291477854542,0.2071301938934757,-0.6492770230634484,0.318644882015785,13.47029769747161,0.4457949690384863,4.101538461538461
6.956521739130435,7.782608695652174,13.956521739130435,17.347826086956523,27.043478260869566,43.91304347826087,50.130434782608695,53.21739130434783,57.130434782608695,57.17391304347826,59.30434782608695,37.78260869565217,0.5176544513125494,0.9043774236588557,715.6251625711848,-0.0486601103315905,-0.5865917543845233,0.2334115906220479,11.906920298379864,0.329430328226795,1.12
6.130434782608695,8.478260869565217,14.956521739130435,18.608695652173918,29.08695652173913,44.08695652173913,50.34782608695652,55.34782608695652,59.04347826086956,58.47826086956522,66.1304347826087,41.65217391304348,0.4952929450409375,0.7305554725528208,714.3603081981059,-0.091397827498776,-0.5734626056311262,0.2196415499567807,12.073095276943036,0.309997877989377,0.0533333333333333
2.0,2.739130434782609,7.521739130434782,4.913043478260869,14.130434782608695,41.69565217391305,50.47826086956522,53.26086956521739,56.21739130434783,56.869565217391305,24.52173913043478,11.347826086956522,0.8300975949751289,2.6100562977800825,719.6326123538728,0.3678703099296991,-0.752514279034536,0.4832309655862477,23.137391304347823,0.5796622751748641,6.72
9.08695652173913,12.217391304347826,17.47826086956522,22.26086956521739,27.217391304347824,33.17391304347826,36.52173913043478,39.56521739130435,41.56521739130435,37.391304347826086,56.30434782608695,43.47826086956522,0.2799681132989079,0.3423669728017554,714.5921325051761,-0.1746136315940266,-0.3872038157502917,0.1002279727802314,3.681145508555717,0.1849442460086559,0.0
9.782608695652174,12.043478260869565,20.73913043478261,26.47826086956522,39.30434782608695,58.95652173913044,67.43478260869566,71.69565217391305,77.08695652173913,75.26086956521739,72.56521739130434,46.69565217391305,0.4885510203884812,0.8598201232740073,714.9919661686185,0.0083319350824068,-0.5670874404916778,0.2194145750518979,14.56598999690496,0.3117615649388038,3.016666666666667
3.0,3.0,7.695652173913044,5.260869565217392,15.826086956521738,45.04347826086956,54.30434782608695,56.56521739130435,60.04347826086956,58.60869565217392,26.782608695652176,12.391304347826088,0.8304541978874154,2.444179390777183,719.2065372953346,0.3529946429482533,-0.7605834065301156,0.5044530282616043,27.312008281573497,0.5611114078550183,10.025714285714283
21.43478260869565,30.043478260869566,43.69565217391305,60.60869565217392,69.1304347826087,73.56521739130434,78.8695652173913,82.30434782608695,87.43478260869566,86.1304347826087,107.3913043478261,78.95652173913044,0.1522129749991134,0.1416970727272359,699.4992784992785,-0.1337316095466645,-0.3064406543084804,0.0660860986721704,3.9724294689066726,0.0869760036844023,0.0
5.217391304347826,5.173913043478261,10.956521739130435,11.173913043478262,21.82608695652174,47.34782608695652,55.26086956521739,57.869565217391305,61.08695652173913,63.04347826086956,44.130434782608695,26.608695652173918,0.6773553198258421,1.5638923242665037,717.9086737902642,0.1331914805297733,-0.6818495495124454,0.3279560602388335,17.474736736693263,0.4536277002075246,1.9969230769230768
5.739130434782608,6.608695652173913,14.565217391304348,12.869565217391305,27.26086956521739,60.73913043478261,72.6086956521739,76.04347826086956,82.04347826086956,81.34782608695652,43.95652173913044,23.26086956521739,0.7107735955825006,1.6831865502895174,718.4437675116751,0.2644149149253336,-0.6785511975782543,0.3604706796547031,25.47650372645258,0.471512716610827,5.793846153846154
4.695652173913044,5.260869565217392,12.565217391304348,11.130434782608695,25.26086956521739,62.26086956521739,72.6086956521739,75.04347826086956,79.52173913043478,74.21739130434783,43.391304347826086,23.30434782608696,0.7390881803120758,1.969273615521809,717.5742154894838,0.265149394984782,-0.7085567676003797,0.4158572455657686,30.884863991081385,0.4928616503751736,1.3885714285714286
6.565217391304348,8.043478260869565,15.478260869565217,17.73913043478261,30.347826086956523,53.34782608695652,61.130434782608695,64.56521739130434,69.69565217391305,70.0,56.91304347826087,35.08695652173913,0.5709846586545599,1.0360356480524988,715.7913656903607,0.0642823267718507,-0.6152493080358522,0.2641346499410131,16.689989764016214,0.3625515499430974,2.871428571428572
4.956521739130435,6.695652173913044,13.73913043478261,18.043478260869566,29.043478260869566,45.52173913043478,51.30434782608695,53.17391304347826,56.65217391304348,57.60869565217392,51.130434782608695,33.91304347826087,0.4950082288583063,0.7865552814203489,713.3437162813258,0.0223458184480368,-0.5889016339439879,0.2389157327056025,13.160811237571671,0.2937430795546576,0.3569230769230769
4.826086956521739,8.043478260869565,16.82608695652174,21.130434782608692,33.26086956521739,49.56521739130435,57.0,62.08695652173913,66.0,66.82608695652173,45.34782608695652,30.130434782608692,0.4847259583386969,0.7107403380311377,714.2805022413198,0.1495291266605908,-0.5689951072701885,0.2227904294265666,14.493511250144518,0.2972271770804016,0.96
2.0,2.4782608695652173,7.782608695652174,4.739130434782608,15.956521739130435,48.21739130434783,59.04347826086956,61.0,64.30434782608695,64.47826086956522,27.347826086956523,12.130434782608695,0.8562931232480002,2.7151624265266743,719.8862655119759,0.3767640517890324,-0.7747975950976543,0.54441812122874,32.859503105590065,0.5841475225658395,10.205714285714286
2.0,2.8260869565217392,8.956521739130435,5.434782608695652,19.347826086956523,58.130434782608695,69.04347826086956,71.21739130434783,75.1304347826087,74.65217391304348,32.43478260869565,14.956521739130435,0.8583509393138504,2.5724297471571664,718.4828059585991,0.3727486171158501,-0.7767810456409868,0.5631625701190919,43.06202898550725,0.571647285311504,10.296666666666669
19.08695652173913,25.0,35.69565217391305,49.91304347826087,57.43478260869565,62.391304347826086,67.34782608695652,72.6086956521739,76.30434782608695,75.26086956521739,103.43478260869566,75.21739130434783,0.1861380878922528,0.1738474604867098,709.3209109730849,-0.1755794380711508,-0.3423395503008224,0.0705438810600321,3.675351211723208,0.1171817054092165,0.0
2.0434782608695654,3.9130434782608696,9.826086956521738,10.956521739130435,21.08695652173913,36.82608695652174,41.95652173913044,45.0,48.52173913043478,48.43478260869565,43.91304347826087,27.043478260869566,0.6105750988346863,1.0036757835327774,713.4881285201988,0.0139272408241853,-0.6424063867429561,0.3206899703865694,15.537471851819678,0.362694530774396,2.4307692307692306
6.652173913043479,8.478260869565217,16.565217391304348,19.0,32.08695652173913,54.0,62.34782608695652,65.30434782608695,70.30434782608695,71.91304347826087,59.130434782608695,37.47826086956522,0.5638957699432882,1.024057674067235,715.6659526027648,0.0548591195946303,-0.6051086534866409,0.2765184724809092,18.08040853412966,0.3500577139827863,1.8246153846153843
6.086956521739131,8.043478260869565,15.826086956521738,25.043478260869566,36.30434782608695,52.26086956521739,58.34782608695652,59.869565217391305,63.21739130434783,63.95652173913044,64.30434782608695,44.73913043478261,0.417973705484071,0.6321020968457919,713.2995909917097,-0.0337715838535112,-0.5841501787984223,0.1924366370411321,11.15792142183009,0.248304165054917,0.32
1.6521739130434785,2.4347826086956523,8.304347826086957,5.130434782608695,16.956521739130434,51.21739130434783,63.08695652173913,65.52173913043478,69.26086956521739,70.1304347826087,29.695652173913043,13.08695652173913,0.8558574821811161,2.7257185996501514,720.0360786181612,0.3748639344067407,-0.7762693068752494,0.5397616059012935,33.986480331262946,0.5875503334312517,7.502857142857144
6.695652173913044,7.956521739130435,14.652173913043478,24.82608695652174,32.52173913043478,39.91304347826087,43.91304347826087,46.04347826086956,49.43478260869565,49.43478260869565,64.73913043478261,50.391304347826086,0.2989725558909386,0.3535971991116988,709.0192295627078,-0.1692075357001052,-0.5171550106557841,0.1351758645899265,5.485473398127462,0.1713974933786955,0.1784615384615384
4.434782608695652,6.304347826086956,12.695652173913045,14.695652173913045,25.782608695652176,49.65217391304348,58.34782608695652,62.391304347826086,66.08695652173913,64.69565217391305,51.78260869565217,32.130434782608695,0.6254937954764894,1.3437543349796592,717.7724026190476,0.0986931587587003,-0.6648764073160764,0.2877068589853487,15.666215437914628,0.4196648033367308,1.4533333333333334
4.217391304347826,4.739130434782608,11.652173913043478,12.173913043478262,22.26086956521739,39.82608695652174,45.21739130434783,46.78260869565217,49.869565217391305,51.21739130434783,40.78260869565217,27.52173913043478,0.5901861424454862,1.0467801656054068,714.6533982013858,0.0697924667097228,-0.6030444542759362,0.2983724504490639,14.91080923907011,0.3563514663762279,3.301538461538461
4.913043478260869,6.478260869565218,12.043478260869565,14.043478260869565,21.52173913043478,35.65217391304348,40.65217391304348,44.34782608695652,47.130434782608695,42.47826086956522,48.69565217391305,32.26086956521739,0.5188334531401085,0.8926770806548939,716.4199360786386,-0.0469251045423234,-0.5730639406655782,0.2109371875808117,8.640225729087621,0.3462760666462074,6.036666666666666
7.913043478260869,11.304347826086955,17.26086956521739,23.347826086956523,31.695652173913043,44.95652173913044,51.17391304347826,55.56521739130435,59.391304347826086,60.52173913043478,58.56521739130435,39.73913043478261,0.4190708079037214,0.7671082446323867,714.599399356466,-0.0220121888673534,-0.5260785131150835,0.1745587413269776,8.30840801008918,0.2791228301943599,0.3771428571428571
17.434782608695652,22.82608695652174,32.95652173913044,45.869565217391305,52.130434782608695,55.869565217391305,60.08695652173913,64.1304347826087,67.3913043478261,68.47826086956522,81.1304347826087,61.30434782608695,0.1678296843665856,0.1570748356460956,707.7012987012987,-0.1162100706607413,-0.3209591569544382,0.0648348706054755,2.815139183081697,0.1041586388016243,0.0
7.434782608695652,10.608695652173912,18.91304347826087,23.43478260869565,35.52173913043478,53.95652173913044,61.60869565217392,67.47826086956522,72.1304347826087,70.47826086956522,67.91304347826087,42.43478260869565,0.4849295500680863,0.7432383434200894,715.0737198307195,-0.0041453836958591,-0.5618045989391489,0.208239746704881,13.69181227653136,0.3093769890273738,0.1342857142857142
11.695652173913045,16.434782608695652,25.39130434782609,34.43478260869565,43.47826086956522,54.130434782608695,59.52173913043478,62.60869565217392,66.08695652173913,64.1304347826087,68.34782608695652,48.30434782608695,0.2877236187205834,0.3766244361156305,713.0650222184748,-0.0533647802485576,-0.4235170458763418,0.1138638844125444,6.9297146313786655,0.1798473110411307,0.0142857142857142
7.608695652173913,10.608695652173912,19.43478260869565,25.26086956521739,37.43478260869565,55.65217391304348,62.26086956521739,65.65217391304348,69.47826086956522,70.69565217391305,68.34782608695652,44.69565217391305,0.4540931944573518,0.7071724472841806,713.5749465651628,-0.0158397677463616,-0.5492815037810932,0.2051917731393355,13.373460791389473,0.2791571509307981,0.6654545454545455
15.0,20.26086956521739,31.52173913043478,42.60869565217392,53.47826086956522,65.65217391304348,71.8695652173913,75.82608695652173,80.52173913043478,79.26086956521739,85.91304347826087,58.21739130434783,0.2774180848030078,0.3381762067869603,711.800974912506,-0.0671691605236535,-0.4108915029500737,0.1134108203097434,8.334839308823959,0.1696759549312565,0.0571428571428571
2.0,2.347826086956522,8.391304347826088,4.782608695652174,16.26086956521739,49.34782608695652,61.04347826086956,62.56521739130435,66.56521739130434,65.91304347826087,27.91304347826087,11.91304347826087,0.8570463795230164,2.74655958581285,720.0145698894914,0.3777970144803265,-0.7625732904571116,0.546875114152353,34.59966873706004,0.5842036887337915,3.098461538461539
14.73913043478261,18.47826086956522,26.91304347826087,36.47826086956522,44.391304347826086,51.21739130434783,56.69565217391305,59.73913043478261,63.60869565217392,64.56521739130434,70.26086956521739,51.47826086956522,0.2432579067284748,0.2889509035698505,713.2620889211798,-0.0857553871519644,-0.3794526903887044,0.099538320593181,5.7417534986775385,0.1473231946223599,0.0
3.869565217391304,4.0,9.565217391304348,7.434782608695652,18.65217391304348,50.26086956521739,60.26086956521739,63.869565217391305,68.65217391304348,68.1304347826087,35.608695652173914,17.782608695652176,0.7915468636467762,2.255180231253508,719.2703904344858,0.2847756753647886,-0.7394323534335273,0.4321606241950208,23.93501725327812,0.5478879751628433,11.656666666666668
6.608695652173913,8.0,15.08695652173913,17.956521739130434,30.0,51.130434782608695,58.82608695652174,63.869565217391305,69.0,69.78260869565217,61.95652173913044,37.43478260869565,0.563174452222229,0.9726671724017852,715.9010875592312,0.016214209757314,-0.6189365256465045,0.254473558019813,15.387967411770417,0.3616571199818994,0.5272727272727272
8.434782608695652,11.608695652173912,20.0,29.695652173913043,40.52173913043478,54.82608695652174,62.65217391304348,68.73913043478261,73.91304347826087,75.78260869565217,59.21739130434783,33.82608695652174,0.4060695596518283,0.5798501400405575,715.8565000717713,0.0754465114745484,-0.5539297448548098,0.1642802337675182,9.671646424317393,0.2624242215603358,0.15
2.0,2.652173913043478,8.565217391304348,5.0,16.391304347826086,49.91304347826087,60.52173913043478,62.91304347826087,66.6086956521739,66.65217391304348,27.26086956521739,12.217391304347826,0.851727403399995,2.697691195823515,719.6536433864792,0.3925524930498226,-0.7601399858476384,0.5322096037819377,32.932173913043485,0.5853834995595834,7.714285714285714
3.1818181818181817,3.6818181818181817,10.363636363636363,9.727272727272728,21.863636363636363,45.45454545454545,52.13636363636363,55.72727272727273,59.09090909090909,53.45454545454545,38.68181818181818,20.181818181818183,0.7042877581039939,1.388957807192153,715.3571417529914,0.1803755873182119,-0.6864653054681349,0.386610734859621,22.305814362405272,0.4369575123188813,0.0
6.173913043478261,8.956521739130435,16.91304347826087,25.82608695652174,36.0,47.34782608695652,52.34782608695652,54.26086956521739,57.47826086956522,58.08695652173913,58.56521739130435,42.60869565217392,0.3554208751592049,0.4606027700764851,710.3092776788428,-0.0383887305206103,-0.5244038428505199,0.1673012843889957,9.140709812508597,0.2015120154202234,0.0771428571428571
2.0,2.4347826086956523,7.521739130434782,4.652173913043479,15.347826086956522,48.43478260869565,59.60869565217392,60.82608695652174,65.30434782608695,65.1304347826087,27.217391304347824,12.347826086956522,0.8582402878608827,2.8919023964100687,720.2845144454899,0.3809405683998061,-0.7800845393534076,0.5366561543681759,30.756376811594208,0.5964003776744966,7.132307692307693
8.521739130434783,13.304347826086955,21.65217391304348,29.73913043478261,36.91304347826087,44.34782608695652,49.56521739130435,53.78260869565217,56.95652173913044,51.0,73.08695652173913,53.91304347826087,0.2882386530448697,0.3441200294754731,715.0189786059352,-0.1543785253368599,-0.4251575731815141,0.1081837999630081,5.175462579405511,0.1860743326211023,0.0
3.0,3.391304347826087,8.956521739130435,6.478260869565218,18.17391304347826,52.95652173913044,62.30434782608695,64.95652173913044,68.47826086956522,67.1304347826087,36.43478260869565,17.82608695652174,0.8177510135134808,2.435856077747651,718.66208302214,0.2800349559114113,-0.7571426451488498,0.4742658091051285,28.329772256728777,0.5626668281309974,11.163636363636362
6.217391304347826,9.782608695652174,15.73913043478261,21.217391304347824,28.0,36.04347826086956,40.47826086956522,44.130434782608695,46.91304347826087,42.21739130434783,67.52173913043478,49.52173913043478,0.3513922747601731,0.4478636290353967,714.2460317460318,-0.208645659869079,-0.474503852976361,0.1388984797631275,5.765675022202993,0.2234794374604257,0.0142857142857142
7.826086956521739,10.217391304347826,16.82608695652174,21.82608695652174,31.130434782608692,43.56521739130435,48.869565217391305,53.391304347826086,56.95652173913044,49.04347826086956,64.17391304347827,42.34782608695652,0.4189120396256268,0.5704168375029895,713.6112365894975,-0.092984682356457,-0.5201666003926702,0.1757589344048803,9.231027476447656,0.2626608699077399,0.0
5.739130434782608,7.826086956521739,12.608695652173912,17.347826086956523,22.73913043478261,29.17391304347826,32.47826086956522,35.0,37.21739130434783,33.52173913043478,52.82608695652174,42.78260869565217,0.3392788379232505,0.4338238168822191,713.466873706004,-0.2019020167899356,-0.4727448701173081,0.1361342966275786,4.452866361588934,0.2133481434528543,0.2285714285714285
6.434782608695652,8.304347826086957,14.217391304347826,18.30434782608696,26.695652173913043,38.869565217391305,44.34782608695652,48.47826086956522,52.60869565217392,44.65217391304348,63.65217391304348,45.21739130434783,0.4446250574497823,0.6504719994166414,715.3452831175942,-0.1426955344352611,-0.5415666595173869,0.1834301026106895,8.763913723314719,0.2855352823553317,2.494285714285714
2.4782608695652173,3.0,7.3478260869565215,6.304347826086956,14.478260869565217,32.30434782608695,38.73913043478261,42.17391304347826,44.869565217391305,46.21739130434783,28.565217391304348,14.08695652173913,0.7381277159906644,1.6777077178292013,718.2036156154564,0.185900700559271,-0.7033722686929113,0.3948582555795475,16.086566597653555,0.4846286132403788,8.581538461538463
3.5217391304347827,3.9565217391304346,9.434782608695652,7.130434782608695,17.08695652173913,48.47826086956522,59.43478260869565,61.47826086956522,65.43478260869566,66.8695652173913,36.04347826086956,18.0,0.7908672672389498,2.4934876110488573,720.7439348112911,0.2566714839054446,-0.733332369542565,0.4122982454121123,20.97611801242236,0.5632196142651782,9.083333333333334
9.217391304347826,11.608695652173912,19.130434782608692,27.695652173913043,34.34782608695652,41.52173913043478,45.43478260869565,47.82608695652174,50.08695652173913,51.04347826086956,56.95652173913044,44.391304347826086,0.2742571218692965,0.3424220755113761,712.2608695652174,-0.0863409527921733,-0.4397625882657472,0.1135871599735872,4.701606813452638,0.1661409912556249,0.8646153846153847
10.043478260869565,12.73913043478261,19.91304347826087,27.130434782608692,35.0,45.130434782608695,50.56521739130435,54.82608695652174,59.04347826086956,58.69565217391305,81.78260869565217,64.6086956521739,0.3386074562338951,0.4467778508156982,715.051062464106,-0.197434153352141,-0.4677423193664395,0.1273968472914687,6.294552657930013,0.2208632966105685,0.0533333333333333
3.0,2.5,7.181818181818182,3.772727272727273,14.181818181818182,47.54545454545455,59.04545454545455,60.40909090909091,64.36363636363636,66.0,24.272727272727277,10.5,0.881749262883872,3.1693226782130526,720.6761994529172,0.4240817680415265,-0.7871564855259338,0.5796771644717043,34.446969696969695,0.6181832045985807,7.831428571428571
3.636363636363636,5.727272727272728,13.090909090909092,16.181818181818183,27.954545454545453,54.09090909090909,63.13636363636363,68.68181818181819,73.5909090909091,72.54545454545455,56.13636363636363,31.863636363636363,0.6251403936949635,1.314523343410269,717.7871225201865,0.1019385371767983,-0.6828668001180879,0.2812492460232446,16.766195729959495,0.4239175818255341,1.5527272727272727
3.782608695652174,3.8260869565217392,9.956521739130435,5.956521739130435,19.43478260869565,63.30434782608695,76.3913043478261,79.30434782608695,83.52173913043478,80.1304347826087,34.82608695652174,15.478260869565217,0.8593819896781223,2.925831230283772,719.7835669988315,0.3852260578499379,-0.7756103130377978,0.5319225459624556,38.40492753623188,0.6027210931122718,7.784615384615384
16.782608695652176,19.217391304347824,29.08695652173913,39.869565217391305,48.26086956521739,60.391304347826086,67.43478260869566,71.95652173913044,76.17391304347827,80.21739130434783,83.34782608695652,62.869565217391305,0.2960348993589791,0.4302986022143667,716.4738123335512,-0.0801415162572337,-0.4311311314782056,0.1010122339933688,5.992752418530585,0.2025617684276112,0.0254545454545454
3.652173913043478,4.260869565217392,9.695652173913045,7.956521739130435,18.47826086956522,44.869565217391305,55.0,58.26086956521739,61.91304347826087,62.0,36.56521739130435,19.30434782608696,0.7586198080661262,1.986722514640574,719.7546217443211,0.2272567981309328,-0.7143415468997426,0.3979883345706745,20.471066252587992,0.5169394482590056,5.029090909090909
2.217391304347826,2.5217391304347827,7.782608695652174,4.695652173913044,15.826086956521738,55.43478260869565,68.52173913043478,69.1304347826087,74.91304347826087,75.34782608695652,30.130434782608692,13.26086956521739,0.8729518461456804,3.377409843749526,721.168588446461,0.3847020516183563,-0.7997463888333275,0.5433235040011676,32.58393374741202,0.6260170300075327,10.123636363636365
25.08695652173913,34.69565217391305,49.391304347826086,67.56521739130434,75.82608695652173,80.8695652173913,86.04347826086956,90.6086956521739,95.1304347826087,95.43478260869566,107.0,78.65217391304348,0.1484418612231924,0.1407637798716038,706.2857142857143,-0.0890297315649304,-0.296737446390132,0.058034213702448,3.37236369216986,0.091225192084028,0.0057142857142857
2.1739130434782608,2.608695652173913,7.521739130434782,5.869565217391305,15.565217391304348,44.91304347826087,55.43478260869565,57.82608695652174,61.65217391304348,62.52173913043478,30.695652173913043,14.695652173913045,0.8169682603739499,2.610009012913173,720.5355672981605,0.3066134640812607,-0.7709343445524163,0.4576951697745648,22.060973084886125,0.57577548630754,6.808571428571429
15.956521739130435,22.043478260869566,32.47826086956522,44.391304347826086,49.91304347826087,53.08695652173913,55.869565217391305,57.82608695652174,60.26086956521739,59.73913043478261,66.73913043478261,52.30434782608695,0.1326202486607134,0.1212023876080541,697.9275362318841,-0.0744493118987341,-0.2830813674041402,0.0595427995089477,2.331864033528307,0.0736550829457298,0.04
24.30434782608696,35.95652173913044,51.95652173913044,72.43478260869566,80.6086956521739,83.91304347826087,88.52173913043478,92.69565217391305,96.52173913043478,95.56521739130434,109.3913043478261,82.17391304347827,0.1228101953198574,0.0988422816078013,701.0041407867494,-0.0830424955967398,-0.2818363536092721,0.0533241046992341,2.743485595878298,0.0699355415243417,0.0
17.391304347826086,21.82608695652174,31.130434782608692,42.34782608695652,50.0,57.08695652173913,62.52173913043478,66.91304347826087,70.3913043478261,70.56521739130434,90.7391304347826,72.6086956521739,0.2235268588725993,0.2554667311446612,712.9322416713719,-0.1632617757922357,-0.3655451762774248,0.0820688260133904,4.749872456280732,0.1442199679181917,0.0
2.0,2.6956521739130435,8.08695652173913,5.0,17.043478260869566,55.26086956521739,67.69565217391305,69.3913043478261,74.47826086956522,72.0,31.565217391304348,14.0,0.8646713716675821,2.9733290535013515,720.168185332992,0.3690612131646878,-0.7918745941941535,0.5463067445175751,35.25246376811594,0.6039677394536033,12.962857142857144
10.565217391304348,10.826086956521738,17.91304347826087,25.043478260869566,31.0,38.43478260869565,42.869565217391305,44.869565217391305,48.56521739130435,51.21739130434783,55.56521739130435,45.130434782608695,0.2853731513900314,0.3907696379682949,715.8028927594145,-0.1082193891470741,-0.4304243124002546,0.1079101418495785,4.2952611537340415,0.1833832457364045,0.4133333333333333
2.4782608695652173,2.347826086956522,7.695652173913044,5.043478260869565,14.652173913043478,45.0,55.08695652173913,56.78260869565217,60.30434782608695,61.130434782608695,27.130434782608692,12.130434782608695,0.83730760580189,2.7861212888605538,720.4636698073127,0.3510928228077484,-0.7625355719295847,0.4894241342904277,24.27017598343685,0.5901550277291351,3.849230769230769
20.73913043478261,28.217391304347824,41.52173913043478,57.47826086956522,65.34782608695652,72.26086956521739,77.82608695652173,82.1304347826087,86.52173913043478,87.0,97.95652173913044,71.82608695652173,0.1814725712063105,0.2020543637192298,712.1036137775268,-0.0898903479167833,-0.3322834492571676,0.0665774904405187,3.6480004244513857,0.1166302267356625,0.0
18.65217391304348,24.39130434782609,34.69565217391305,46.78260869565217,52.52173913043478,56.30434782608695,60.04347826086956,63.69565217391305,67.17391304347827,69.17391304347827,91.21739130434784,69.30434782608695,0.1552562977320111,0.1473469146716262,708.6666666666667,-0.1817227939371337,-0.2966496466664129,0.0585345640599542,2.484522299515874,0.0976693687197168,0.0
4.318181818181818,6.090909090909091,11.454545454545457,13.727272727272728,22.545454545454547,38.54545454545455,44.54545454545455,47.95454545454545,50.54545454545455,49.45454545454545,51.40909090909091,35.04545454545455,0.5661130153413924,1.1303929052458548,715.3963438548855,-0.0138216870338056,-0.617211791141016,0.2729514052813123,12.248290062690852,0.3670655069891884,2.731428571428572
14.826086956521738,18.608695652173918,27.565217391304348,38.869565217391305,44.869565217391305,49.30434782608695,52.91304347826087,55.78260869565217,58.26086956521739,59.391304347826086,68.65217391304348,54.391304347826086,0.1782621162234844,0.1841171428908823,710.1884057971014,-0.1041698195269553,-0.3398979129445625,0.0707067054299109,2.9644832801320518,0.1089344298344472,0.0
24.82608695652174,35.47826086956522,50.391304347826086,68.3913043478261,77.26086956521739,82.78260869565217,88.0,92.08695652173913,96.69565217391305,96.21739130434784,111.47826086956522,79.30434782608695,0.1476904794825981,0.1391594082426413,706.3809523809524,-0.0954266254292834,-0.2926916707347493,0.0609346290782823,3.9602235729245767,0.0875392669890706,0.0
5.045454545454546,6.454545454545454,13.454545454545457,15.045454545454543,27.181818181818183,51.68181818181818,60.36363636363637,63.77272727272727,69.54545454545455,68.72727272727273,59.54545454545455,37.18181818181818,0.6184594566648418,1.2663765347221525,717.0175159008307,0.0360077657920608,-0.6504910881377345,0.2974967524399209,17.867244462740874,0.4015834559202128,4.283076923076923
13.826086956521738,18.869565217391305,28.0,39.08695652173913,47.30434782608695,53.91304347826087,59.30434782608695,63.65217391304348,67.78260869565217,68.91304347826087,77.8695652173913,54.52173913043478,0.2408665271638134,0.2582419228323261,711.6728778467908,-0.1047423890299892,-0.3916096405646038,0.0960566831220714,5.380429940338291,0.1484437113402776,0.0628571428571428
4.0,4.434782608695652,9.869565217391305,7.217391304347826,18.26086956521739,55.21739130434783,68.56521739130434,71.3913043478261,76.65217391304348,76.1304347826087,34.78260869565217,16.608695652173914,0.8151515812864609,2.7525109151543745,721.264491698644,0.34222060059042,-0.7561897939461825,0.4336993719124934,24.04791235334714,0.5910556801650246,11.24
5.478260869565218,7.608695652173913,14.173913043478262,21.52173913043478,29.869565217391305,41.69565217391305,46.52173913043478,48.95652173913044,52.21739130434783,51.82608695652174,55.0,38.65217391304348,0.3903460036898893,0.5639543707751066,713.932352671483,-0.0583149173483539,-0.5507276895336515,0.165322066292985,7.492731848620615,0.2420498477791459,0.4707692307692308
4.739130434782608,5.173913043478261,11.217391304347826,11.434782608695652,22.82608695652174,48.95652173913044,59.130434782608695,61.60869565217392,67.0,68.69565217391305,45.17391304347826,25.39130434782609,0.6862707719825444,1.6131168482188285,719.2271033546127,0.1523289467877918,-0.6914628273074779,0.3365293744467916,18.67209826405479,0.4578328978454054,4.765714285714285
2.260869565217391,3.260869565217391,8.173913043478262,7.521739130434782,16.304347826086957,36.21739130434783,42.0,45.391304347826086,47.91304347826087,48.30434782608695,35.47826086956522,19.956521739130437,0.7195087964248058,1.6067381803820084,716.9771456116597,0.1256746835453805,-0.6963964852942458,0.3749549699868076,15.806925465838509,0.4736301583310888,2.728571428571428
2.9130434782608696,2.8260869565217392,8.0,5.130434782608695,16.17391304347826,49.47826086956522,59.65217391304348,60.82608695652174,65.1304347826087,64.52173913043478,26.565217391304348,11.826086956521738,0.8440973011650249,2.703015120265087,719.6320620643357,0.3880328403179849,-0.7674313597560439,0.5187490954247554,29.978198757763973,0.5786791521865335,9.862857142857145
2.130434782608696,3.4782608695652173,8.782608695652174,7.913043478260869,16.956521739130434,38.08695652173913,43.95652173913044,46.08695652173913,48.130434782608695,47.26086956521739,30.130434782608692,17.130434782608695,0.7050010862019692,1.5966172357577662,716.9552708918438,0.2077594088100199,-0.6785225785843227,0.3643255618615765,16.11018633540373,0.460375834829998,3.2857142857142856
3.0,3.565217391304348,9.08695652173913,6.478260869565218,18.0,52.82608695652174,64.17391304347827,67.1304347826087,71.91304347826087,71.34782608695652,33.04347826086956,15.521739130434783,0.8237946478711302,2.582282298884466,719.9492355184391,0.3388333025508717,-0.7613741121894012,0.472880284440088,27.764896480331267,0.5763013337917261,10.775384615384615
4.130434782608695,5.565217391304348,12.565217391304348,11.521739130434783,24.695652173913043,55.60869565217392,66.26086956521739,69.91304347826087,75.26086956521739,71.78260869565217,47.21739130434783,25.52173913043478,0.7155436161831862,1.6836333724724308,718.1433921700841,0.1886865088774088,-0.6959086641309371,0.3672695662138141,23.42886649582302,0.4753772491023438,7.145454545454545
3.0,3.695652173913044,9.173913043478262,7.478260869565218,18.30434782608696,49.43478260869565,59.69565217391305,62.91304347826087,67.21739130434783,66.08695652173913,37.08695652173913,18.65217391304348,0.7869491701547192,2.2723569900881784,719.707353163714,0.2570423926449973,-0.7451981839348668,0.4209998130172825,22.35871290545203,0.5477508549629473,6.973333333333334
19.91304347826087,30.956521739130437,47.21739130434783,68.17391304347827,78.82608695652173,85.8695652173913,92.21739130434784,98.04347826086956,102.95652173913044,102.52173913043478,104.78260869565216,66.52173913043478,0.1797028706230038,0.169887490906149,707.632850241546,-0.033309870535429,-0.3499264596652137,0.0724893014356489,5.011820777623581,0.108628445251547,0.0
15.347826086956522,18.26086956521739,28.0,39.65217391304348,46.47826086956522,52.391304347826086,57.34782608695652,61.17391304347826,65.47826086956522,72.6086956521739,88.73913043478261,73.0,0.2222643340519634,0.2573907878992397,713.9934615648901,-0.1976598789762981,-0.3827221026025399,0.0807908931997847,3.887143090132704,0.1443050872144188,0.0
4.3478260869565215,5.478260869565218,11.347826086956522,12.391304347826088,22.82608695652174,49.52173913043478,59.69565217391305,63.0,67.43478260869566,65.8695652173913,47.26086956521739,27.217391304347824,0.6696963351521454,1.636176187240758,719.8695764884012,0.138782776627909,-0.6936108546340364,0.302065615850396,15.61713505408685,0.465394941841548,5.623333333333334
20.39130434782609,27.39130434782609,39.82608695652174,55.56521739130435,61.91304347826087,64.78260869565217,68.95652173913044,72.69565217391305,76.08695652173913,80.91304347826087,96.78260869565216,68.95652173913044,0.1340481687962448,0.1155297299587205,702.7536231884059,-0.1475794920537814,-0.291757867142559,0.0547592080879336,2.196338704113475,0.0798485032609354,0.0
21.782608695652176,28.869565217391305,41.869565217391305,58.04347826086956,65.95652173913044,70.21739130434783,75.04347826086956,78.73913043478261,83.26086956521739,84.1304347826087,105.0,79.73913043478261,0.1515605270587377,0.1383189020517648,705.0869565217391,-0.143583690776529,-0.3058112668974351,0.064015170481887,3.5357887407008297,0.0884026388376645,0.0
